video_id,video_title,question_id,question,answer,difficulty
gv5hDK2YQfA,تاج محل | الدحيح,gv5hDK2YQfA_Q001,ماذا ورد في هذا الموضع من النص؟,- صرح كبير،,Easy
gv5hDK2YQfA,تاج محل | الدحيح,gv5hDK2YQfA_Q002,ما الجمله المذكوره في هذا السياق؟,ويزوره ملايين الناس لما اموت،,Medium
gv5hDK2YQfA,تاج محل | الدحيح,gv5hDK2YQfA_Q003,كيف صيغت العباره هنا؟,"- صرح ايه يا ""امل""؟!",Easy
gv5hDK2YQfA,تاج محل | الدحيح,gv5hDK2YQfA_Q004,ما الذي قيل في هذا الجزء؟,- ايه دا؟!,Medium
gv5hDK2YQfA,تاج محل | الدحيح,gv5hDK2YQfA_Q005,ما النص الحرفي المذكور في هذه الفقره؟,تبني اصرحه واضرحه،,Easy
gv5hDK2YQfA,تاج محل | الدحيح,gv5hDK2YQfA_Q006,ماذا ورد في هذا الموضع من النص؟,- هرم.,Medium
gv5hDK2YQfA,تاج محل | الدحيح,gv5hDK2YQfA_Q007,ما الجمله المذكوره في هذا السياق؟,السلام عليكم ورحمه الله وبركاته،,Easy
gv5hDK2YQfA,تاج محل | الدحيح,gv5hDK2YQfA_Q008,كيف صيغت العباره هنا؟,"من برنامج ""الدحيح""!",Medium
gv5hDK2YQfA,تاج محل | الدحيح,gv5hDK2YQfA_Q009,ما الذي قيل في هذا الجزء؟,تبقي ليله سعيده في حياته،,Easy
gv5hDK2YQfA,تاج محل | الدحيح,gv5hDK2YQfA_Q010,ما النص الحرفي المذكور في هذه الفقره؟,بتتعب وبتتوفي بسبب مضاعفات الولاده.,Medium
gv5hDK2YQfA,تاج محل | الدحيح,gv5hDK2YQfA_Q011,ماذا ورد في هذا الموضع من النص؟,"للدرجادي الست دي كانت كويسه؟!""",Easy
gv5hDK2YQfA,تاج محل | الدحيح,gv5hDK2YQfA_Q012,ما الجمله المذكوره في هذا السياق؟,"غيرلها اسمها الاصلي ""ارجمان مانو""،",Medium
gv5hDK2YQfA,تاج محل | الدحيح,gv5hDK2YQfA_Q013,كيف صيغت العباره هنا؟,من اهم قصص الحب في التاريخ.,Easy
gv5hDK2YQfA,تاج محل | الدحيح,gv5hDK2YQfA_Q014,ما الذي قيل في هذا الجزء؟,"والحاج ""احمد السبكي""،",Medium
gv5hDK2YQfA,تاج محل | الدحيح,gv5hDK2YQfA_Q015,ما النص الحرفي المذكور في هذه الفقره؟,كملت لحد ما جيبنا اول مولود،,Easy
gv5hDK2YQfA,تاج محل | الدحيح,gv5hDK2YQfA_Q016,ماذا ورد في هذا الموضع من النص؟,في تاريخ امبراطوريته،,Medium
gv5hDK2YQfA,تاج محل | الدحيح,gv5hDK2YQfA_Q017,ما الجمله المذكوره في هذا السياق؟,انه من عجايب الدنيا السبعه الحديثه،,Easy
gv5hDK2YQfA,تاج محل | الدحيح,gv5hDK2YQfA_Q018,كيف صيغت العباره هنا؟,اول حاجه محتاجين نسالها هنا,Medium
gv5hDK2YQfA,تاج محل | الدحيح,gv5hDK2YQfA_Q019,ما الذي قيل في هذا الجزء؟,بانه يبنيلها صرح؟,Easy
gv5hDK2YQfA,تاج محل | الدحيح,gv5hDK2YQfA_Q020,ما النص الحرفي المذكور في هذه الفقره؟,محتاجين نرجع لثقافه البلد،,Medium
gv5hDK2YQfA,تاج محل | الدحيح,gv5hDK2YQfA_Q021,ماذا ورد في هذا الموضع من النص؟,ان واحده من اكبر واقوي الدول المسلمه تاريخيا,Easy
gv5hDK2YQfA,تاج محل | الدحيح,gv5hDK2YQfA_Q022,ما الجمله المذكوره في هذا السياق؟,او The Mughals.,Medium
gv5hDK2YQfA,تاج محل | الدحيح,gv5hDK2YQfA_Q023,كيف صيغت العباره هنا؟,"لـ""بنجلاديش"" و""افغانستان""،",Easy
gv5hDK2YQfA,تاج محل | الدحيح,gv5hDK2YQfA_Q024,ما الذي قيل في هذا الجزء؟,وصل لمئات الملايين.,Medium
gv5hDK2YQfA,تاج محل | الدحيح,gv5hDK2YQfA_Q025,ما النص الحرفي المذكور في هذه الفقره؟,كان عنده 13 سنه، كان Teenager،,Easy
gv5hDK2YQfA,تاج محل | الدحيح,gv5hDK2YQfA_Q026,ماذا ورد في هذا الموضع من النص؟,"وسيطرت علي ""الهند"" بالكامل.",Medium
gv5hDK2YQfA,تاج محل | الدحيح,gv5hDK2YQfA_Q027,ما الجمله المذكوره في هذا السياق؟,انت مشكلتك ان انت بتسرح،,Easy
gv5hDK2YQfA,تاج محل | الدحيح,gv5hDK2YQfA_Q028,كيف صيغت العباره هنا؟,علي امبراطوريه مساحتها مهوله،,Medium
gv5hDK2YQfA,تاج محل | الدحيح,gv5hDK2YQfA_Q029,ما الذي قيل في هذا الجزء؟,اغلبيه مش مسلمه اصلا،,Easy
gv5hDK2YQfA,تاج محل | الدحيح,gv5hDK2YQfA_Q030,ما النص الحرفي المذكور في هذه الفقره؟,بين التسامح الديني والعدل،,Medium
gv5hDK2YQfA,تاج محل | الدحيح,gv5hDK2YQfA_Q031,ماذا ورد في هذا الموضع من النص؟,سوف تصبح مفتاح للاستقرار،,Easy
gv5hDK2YQfA,تاج محل | الدحيح,gv5hDK2YQfA_Q032,ما الجمله المذكوره في هذا السياق؟,يقلل الصراعات الداخليه بين هذه الشعوب.,Medium
gv5hDK2YQfA,تاج محل | الدحيح,gv5hDK2YQfA_Q033,كيف صيغت العباره هنا؟,زي ما انا وانت عارفين،,Easy
gv5hDK2YQfA,تاج محل | الدحيح,gv5hDK2YQfA_Q034,ما الذي قيل في هذا الجزء؟,علي شويه رخاء اقتصادي،,Medium
gv5hDK2YQfA,تاج محل | الدحيح,gv5hDK2YQfA_Q035,ما النص الحرفي المذكور في هذه الفقره؟,من علوم وفنون،,Easy
gv5hDK2YQfA,تاج محل | الدحيح,gv5hDK2YQfA_Q036,ماذا ورد في هذا الموضع من النص؟,زي المنمنمات، عملنا عنها حلقه.,Medium
gv5hDK2YQfA,تاج محل | الدحيح,gv5hDK2YQfA_Q037,ما الجمله المذكوره في هذا السياق؟,"ازدهر تحت حكم المغول في ""الهند""",Easy
gv5hDK2YQfA,تاج محل | الدحيح,gv5hDK2YQfA_Q038,كيف صيغت العباره هنا؟,ان بعض مؤرخين العماره الاسلاميه,Medium
gv5hDK2YQfA,تاج محل | الدحيح,gv5hDK2YQfA_Q039,ما الذي قيل في هذا الجزء؟,هي الاجمل علي الاطلاق,Easy
gv5hDK2YQfA,تاج محل | الدحيح,gv5hDK2YQfA_Q040,ما النص الحرفي المذكور في هذه الفقره؟,"في كل مدينه كبيره في ""الهند""،",Medium
gv5hDK2YQfA,تاج محل | الدحيح,gv5hDK2YQfA_Q041,ماذا ورد في هذا الموضع من النص؟,من الحجر الرملي الاحمر،,Easy
gv5hDK2YQfA,تاج محل | الدحيح,gv5hDK2YQfA_Q042,ما الجمله المذكوره في هذا السياق؟,لحوالي 50 الف مصلي، دا استاد!,Medium
gv5hDK2YQfA,تاج محل | الدحيح,gv5hDK2YQfA_Q043,كيف صيغت العباره هنا؟,مع لون الحجر الرملي الاحمر,Easy
gv5hDK2YQfA,تاج محل | الدحيح,gv5hDK2YQfA_Q044,ما الذي قيل في هذا الجزء؟,اللي طولها بيوصل لحوالي 50 متر،,Medium
gv5hDK2YQfA,تاج محل | الدحيح,gv5hDK2YQfA_Q045,ما النص الحرفي المذكور في هذه الفقره؟,والزخرفه اللي موجوده جوا المسجد كوم تاني،,Easy
gv5hDK2YQfA,تاج محل | الدحيح,gv5hDK2YQfA_Q046,ماذا ورد في هذا الموضع من النص؟,ما بين التفاصيل الدقيقه والبساطه،,Medium
gv5hDK2YQfA,تاج محل | الدحيح,gv5hDK2YQfA_Q047,ما الجمله المذكوره في هذا السياق؟,متطعمه بالوان بسيطه،,Easy
gv5hDK2YQfA,تاج محل | الدحيح,gv5hDK2YQfA_Q048,كيف صيغت العباره هنا؟,من غير بهرجه، من غير تكلف،,Medium
gv5hDK2YQfA,تاج محل | الدحيح,gv5hDK2YQfA_Q049,ما الذي قيل في هذا الجزء؟,كانت ساحره من بره ومن جوا،,Easy
gv5hDK2YQfA,تاج محل | الدحيح,gv5hDK2YQfA_Q050,ما النص الحرفي المذكور في هذه الفقره؟,بس من غير ما تخل بوظيفه المكان،,Medium
gv5hDK2YQfA,تاج محل | الدحيح,gv5hDK2YQfA_Q051,ماذا ورد في هذا الموضع من النص؟,عشان نركز في العباده،,Easy
gv5hDK2YQfA,تاج محل | الدحيح,gv5hDK2YQfA_Q052,ما الجمله المذكوره في هذا السياق؟,اختار انه يخلد ذكري حبيبته وزوجته بالعماره.,Medium
gv5hDK2YQfA,تاج محل | الدحيح,gv5hDK2YQfA_Q053,كيف صيغت العباره هنا؟,في الجمال والروعه،,Easy
gv5hDK2YQfA,تاج محل | الدحيح,gv5hDK2YQfA_Q054,ما الذي قيل في هذا الجزء؟,واAsk You ان انت تفتح حوضك،,Medium
gv5hDK2YQfA,تاج محل | الدحيح,gv5hDK2YQfA_Q055,ما النص الحرفي المذكور في هذه الفقره؟,ونرجع لقصه السلطان بعد موت حبيبته.,Easy
gv5hDK2YQfA,تاج محل | الدحيح,gv5hDK2YQfA_Q056,ماذا ورد في هذا الموضع من النص؟,"""احنا، يا جماعه، هنبني مجمع ضخم.",Medium
gv5hDK2YQfA,تاج محل | الدحيح,gv5hDK2YQfA_Q057,ما الجمله المذكوره في هذا السياق؟,ومجموعه خانات،,Easy
gv5hDK2YQfA,تاج محل | الدحيح,gv5hDK2YQfA_Q058,كيف صيغت العباره هنا؟,"اللي هيعدوا علينا.""",Medium
gv5hDK2YQfA,تاج محل | الدحيح,gv5hDK2YQfA_Q059,ما الذي قيل في هذا الجزء؟,كانت غريبه جدا وقتها،,Easy
gv5hDK2YQfA,تاج محل | الدحيح,gv5hDK2YQfA_Q060,ما النص الحرفي المذكور في هذه الفقره؟,"ان السوق والخانات والـ""بازار"" دا",Medium
gv5hDK2YQfA,تاج محل | الدحيح,gv5hDK2YQfA_Q061,ماذا ورد في هذا الموضع من النص؟,جزء من حياه الناس اليوميه.,Easy
gv5hDK2YQfA,تاج محل | الدحيح,gv5hDK2YQfA_Q062,ما الجمله المذكوره في هذا السياق؟,ايه الحب دا؟! يخرب بيته!,Medium
gv5hDK2YQfA,تاج محل | الدحيح,gv5hDK2YQfA_Q063,كيف صيغت العباره هنا؟,ش تقول (بيس كيك)!,Easy
gv5hDK2YQfA,تاج محل | الدحيح,gv5hDK2YQfA_Q064,ما الذي قيل في هذا الجزء؟,"""الاستاذيه"" دي كانت لقب،",Medium
gv5hDK2YQfA,تاج محل | الدحيح,gv5hDK2YQfA_Q065,ما النص الحرفي المذكور في هذه الفقره؟,فكره شعريه عبقريه،,Easy
gv5hDK2YQfA,تاج محل | الدحيح,gv5hDK2YQfA_Q066,ماذا ورد في هذا الموضع من النص؟,"اللي موجود في ""القران""،",Medium
gv5hDK2YQfA,تاج محل | الدحيح,gv5hDK2YQfA_Q067,ما الجمله المذكوره في هذا السياق؟,"علي نهر ""يامونا""،",Easy
gv5hDK2YQfA,تاج محل | الدحيح,gv5hDK2YQfA_Q068,كيف صيغت العباره هنا؟,"اول ما تبص علي ""تاج محل"" هي السيمتريه،",Medium
gv5hDK2YQfA,تاج محل | الدحيح,gv5hDK2YQfA_Q069,ما الذي قيل في هذا الجزء؟,نسخه صغيره من الجنه علي الارض،,Easy
gv5hDK2YQfA,تاج محل | الدحيح,gv5hDK2YQfA_Q070,ما النص الحرفي المذكور في هذه الفقره؟,الموضوع كان له ابعاد صوفيه،,Medium
gv5hDK2YQfA,تاج محل | الدحيح,gv5hDK2YQfA_Q071,ماذا ورد في هذا الموضع من النص؟,رمز لاتحاد السما والارض،,Easy
gv5hDK2YQfA,تاج محل | الدحيح,gv5hDK2YQfA_Q072,ما الجمله المذكوره في هذا السياق؟,في اجزاء المجمع التلاته،,Medium
gv5hDK2YQfA,تاج محل | الدحيح,gv5hDK2YQfA_Q073,كيف صيغت العباره هنا؟,مقابر للعائله المالكه،,Easy
gv5hDK2YQfA,تاج محل | الدحيح,gv5hDK2YQfA_Q074,ما الذي قيل في هذا الجزء؟,اللي فيه ضريح ومسجد وخان للمسافرين.,Medium
gv5hDK2YQfA,تاج محل | الدحيح,gv5hDK2YQfA_Q075,ما النص الحرفي المذكور في هذه الفقره؟,من بوابه المدخل الضخمه،,Easy
gv5hDK2YQfA,تاج محل | الدحيح,gv5hDK2YQfA_Q076,ماذا ورد في هذا الموضع من النص؟,هتلاقي مجري مائي مستقيم،,Medium
gv5hDK2YQfA,تاج محل | الدحيح,gv5hDK2YQfA_Q077,ما الجمله المذكوره في هذا السياق؟,وبين الضريح اللي في الاخر،,Easy
gv5hDK2YQfA,تاج محل | الدحيح,gv5hDK2YQfA_Q078,كيف صيغت العباره هنا؟,"اللي مذكورين في ""القران""،",Medium
gv5hDK2YQfA,تاج محل | الدحيح,gv5hDK2YQfA_Q079,ما الذي قيل في هذا الجزء؟,اشجار وورود وريحان وياسمين ونرجس،,Easy
gv5hDK2YQfA,تاج محل | الدحيح,gv5hDK2YQfA_Q080,ما النص الحرفي المذكور في هذه الفقره؟,في الشعر الفارسي والشعر الصوفي.,Medium
gv5hDK2YQfA,تاج محل | الدحيح,gv5hDK2YQfA_Q081,ماذا ورد في هذا الموضع من النص؟,عملوا حاجه اجمل،,Easy
gv5hDK2YQfA,تاج محل | الدحيح,gv5hDK2YQfA_Q082,ما الجمله المذكوره في هذا السياق؟,زي ما تكون كدا، خريطه روحيه،,Medium
gv5hDK2YQfA,تاج محل | الدحيح,gv5hDK2YQfA_Q083,كيف صيغت العباره هنا؟,يوديك من بوابه الدنيا لقصر الاخره،,Easy
gv5hDK2YQfA,تاج محل | الدحيح,gv5hDK2YQfA_Q084,ما الذي قيل في هذا الجزء؟,تاخدك من وقت للتاني بعيد عنها.,Medium
gv5hDK2YQfA,تاج محل | الدحيح,gv5hDK2YQfA_Q085,ما النص الحرفي المذكور في هذه الفقره؟,هنلاحظ حاجه غريبه جدا،,Easy
gv5hDK2YQfA,تاج محل | الدحيح,gv5hDK2YQfA_Q086,ماذا ورد في هذا الموضع من النص؟,وانت داخل من المدخل،,Medium
gv5hDK2YQfA,تاج محل | الدحيح,gv5hDK2YQfA_Q087,ما الجمله المذكوره في هذا السياق؟,اعلي من اللي حواليه،,Easy
gv5hDK2YQfA,تاج محل | الدحيح,gv5hDK2YQfA_Q088,كيف صيغت العباره هنا؟,ان هو عايم فوق الارض،,Medium
gv5hDK2YQfA,تاج محل | الدحيح,gv5hDK2YQfA_Q089,ما الذي قيل في هذا الجزء؟,حصل فيضان، يفضل محمي.,Easy
gv5hDK2YQfA,تاج محل | الدحيح,gv5hDK2YQfA_Q090,ما النص الحرفي المذكور في هذه الفقره؟,لما اقولك ان القصر ضخم,Medium
gv5hDK2YQfA,تاج محل | الدحيح,gv5hDK2YQfA_Q091,ماذا ورد في هذا الموضع من النص؟,متحاوطه بـ4 ماذن ارتفاعهم 40 متر،,Easy
gv5hDK2YQfA,تاج محل | الدحيح,gv5hDK2YQfA_Q092,ما الجمله المذكوره في هذا السياق؟,دا رخام بييجي من محاجر مخصوصه,Medium
gv5hDK2YQfA,تاج محل | الدحيح,gv5hDK2YQfA_Q093,كيف صيغت العباره هنا؟,معموله بالحجر الرملي الاحمر.,Easy
gv5hDK2YQfA,تاج محل | الدحيح,gv5hDK2YQfA_Q094,ما الذي قيل في هذا الجزء؟,صح! انا شايفها!,Medium
gv5hDK2YQfA,تاج محل | الدحيح,gv5hDK2YQfA_Q095,ما النص الحرفي المذكور في هذه الفقره؟,اهم مبني في العماره الاسلاميه.,Easy
gv5hDK2YQfA,تاج محل | الدحيح,gv5hDK2YQfA_Q096,ماذا ورد في هذا الموضع من النص؟,"دا تصريح خطير!""",Medium
gv5hDK2YQfA,تاج محل | الدحيح,gv5hDK2YQfA_Q097,ما الجمله المذكوره في هذا السياق؟,اللي عملنا عنه حلقه قبل كدا.,Easy
gv5hDK2YQfA,تاج محل | الدحيح,gv5hDK2YQfA_Q098,كيف صيغت العباره هنا؟,استخدموا تقنيه اسمها Pietra Dura،,Medium
gv5hDK2YQfA,تاج محل | الدحيح,gv5hDK2YQfA_Q099,ما الذي قيل في هذا الجزء؟,زي الياقوت والعقيق واللازورد والفيروز،,Easy
gv5hDK2YQfA,تاج محل | الدحيح,gv5hDK2YQfA_Q100,ما النص الحرفي المذكور في هذه الفقره؟,ورود وازهار واوراق دقيقه،,Medium
gv5hDK2YQfA,تاج محل | الدحيح,gv5hDK2YQfA_Q101,ماذا ورد في هذا الموضع من النص؟,مش عشوائيه،,Easy
gv5hDK2YQfA,تاج محل | الدحيح,gv5hDK2YQfA_Q102,ما الجمله المذكوره في هذا السياق؟,في الشعر الصوفي والفارسي،,Medium
gv5hDK2YQfA,تاج محل | الدحيح,gv5hDK2YQfA_Q103,كيف صيغت العباره هنا؟,هنلاقي النقش عليها مش مسطح،,Easy
gv5hDK2YQfA,تاج محل | الدحيح,gv5hDK2YQfA_Q104,ما الذي قيل في هذا الجزء؟,كل ما الشمس تتحرك.,Medium
gv5hDK2YQfA,تاج محل | الدحيح,gv5hDK2YQfA_Q105,ما النص الحرفي المذكور في هذه الفقره؟,مكتوبه بخط الثلث،,Easy
gv5hDK2YQfA,تاج محل | الدحيح,gv5hDK2YQfA_Q106,ماذا ورد في هذا الموضع من النص؟,كل ما بترتفع بمستوي النظر،,Medium
gv5hDK2YQfA,تاج محل | الدحيح,gv5hDK2YQfA_Q107,ما الجمله المذكوره في هذا السياق؟,علي حسب زاويه الشمس،,Easy
gv5hDK2YQfA,تاج محل | الدحيح,gv5hDK2YQfA_Q108,كيف صيغت العباره هنا؟,ويعكسه بطريقه غريبه جدا،,Medium
gv5hDK2YQfA,تاج محل | الدحيح,gv5hDK2YQfA_Q109,ما الذي قيل في هذا الجزء؟,زي الحياه بالظبط،,Easy
gv5hDK2YQfA,تاج محل | الدحيح,gv5hDK2YQfA_Q110,ما النص الحرفي المذكور في هذه الفقره؟,كل واحده بتوصل للتانيه،,Medium
gv5hDK2YQfA,تاج محل | الدحيح,gv5hDK2YQfA_Q111,ماذا ورد في هذا الموضع من النص؟,زي الاخطبوط كدا.,Easy
gv5hDK2YQfA,تاج محل | الدحيح,gv5hDK2YQfA_Q112,ما الجمله المذكوره في هذا السياق؟,لاوضه من الاوض الـ8 اللي في المبني،,Medium
gv5hDK2YQfA,تاج محل | الدحيح,gv5hDK2YQfA_Q113,كيف صيغت العباره هنا؟,هي المركز اللي بيوزع للباقي،,Easy
gv5hDK2YQfA,تاج محل | الدحيح,gv5hDK2YQfA_Q114,ما الذي قيل في هذا الجزء؟,هي الغرفه الرئيسيه،,Medium
gv5hDK2YQfA,تاج محل | الدحيح,gv5hDK2YQfA_Q115,ما النص الحرفي المذكور في هذه الفقره؟,اللي الناس ممكن تزورها،,Easy
gv5hDK2YQfA,تاج محل | الدحيح,gv5hDK2YQfA_Q116,ماذا ورد في هذا الموضع من النص؟,موجوده في اوضه تحتها مباشره،,Medium
gv5hDK2YQfA,تاج محل | الدحيح,gv5hDK2YQfA_Q117,ما الجمله المذكوره في هذا السياق؟,مش مفتوحه للزوار.,Easy
gv5hDK2YQfA,تاج محل | الدحيح,gv5hDK2YQfA_Q118,كيف صيغت العباره هنا؟,"انا معايا واسطه.""",Medium
gv5hDK2YQfA,تاج محل | الدحيح,gv5hDK2YQfA_Q119,ما الذي قيل في هذا الجزء؟,انا لما هاروح هناك، هاعرف اخش،,Easy
gv5hDK2YQfA,تاج محل | الدحيح,gv5hDK2YQfA_Q120,ما النص الحرفي المذكور في هذه الفقره؟,"هيقولولك: (اه طبعا، اتفضل!)""",Medium
gv5hDK2YQfA,تاج محل | الدحيح,gv5hDK2YQfA_Q121,ماذا ورد في هذا الموضع من النص؟,هتلاقي زخارف متقسمه لطبقات،,Easy
gv5hDK2YQfA,تاج محل | الدحيح,gv5hDK2YQfA_Q122,ما الجمله المذكوره في هذا السياق؟,هتلاقي الفتحات اللي بتدخل النور.,Medium
gv5hDK2YQfA,تاج محل | الدحيح,gv5hDK2YQfA_Q123,كيف صيغت العباره هنا؟,في تدرج من الارض للسما،,Easy
gv5hDK2YQfA,تاج محل | الدحيح,gv5hDK2YQfA_Q124,ما الذي قيل في هذا الجزء؟,الكلمه اللي انت قلتها 7 مرات، دا الصوت.,Medium
gv5hDK2YQfA,تاج محل | الدحيح,gv5hDK2YQfA_Q125,ما النص الحرفي المذكور في هذه الفقره؟,ما تقدرش تميز الاتجاهات.,Easy
gv5hDK2YQfA,تاج محل | الدحيح,gv5hDK2YQfA_Q126,ماذا ورد في هذا الموضع من النص؟,- انت مش معاك واسطه؟,Medium
gv5hDK2YQfA,تاج محل | الدحيح,gv5hDK2YQfA_Q127,ما الجمله المذكوره في هذا السياق؟,"بس مش عايز اتقل علي الواسطه!""",Easy
gv5hDK2YQfA,تاج محل | الدحيح,gv5hDK2YQfA_Q128,كيف صيغت العباره هنا؟,دا بيخلقلك احساس باللانهائيه،,Medium
gv5hDK2YQfA,تاج محل | الدحيح,gv5hDK2YQfA_Q129,ما الذي قيل في هذا الجزء؟,وفي لحظه اتجمد فيها الزمن،,Easy
gv5hDK2YQfA,تاج محل | الدحيح,gv5hDK2YQfA_Q130,ما النص الحرفي المذكور في هذه الفقره؟,"في كل لحظه بتزور فيها ""تاج محل""،",Medium
gv5hDK2YQfA,تاج محل | الدحيح,gv5hDK2YQfA_Q131,ماذا ورد في هذا الموضع من النص؟,اتبنت في 22 سنه،,Easy
gv5hDK2YQfA,تاج محل | الدحيح,gv5hDK2YQfA_Q132,ما الجمله المذكوره في هذا السياق؟,من امهر البنائين والحرفيين،,Medium
gv5hDK2YQfA,تاج محل | الدحيح,gv5hDK2YQfA_Q133,كيف صيغت العباره هنا؟,"الرحاله الفرنسي ""فرانسوا بيرنييه""،",Easy
gv5hDK2YQfA,تاج محل | الدحيح,gv5hDK2YQfA_Q134,ما الذي قيل في هذا الجزء؟,احلام الامبراطور الرومانسيه،,Medium
gv5hDK2YQfA,تاج محل | الدحيح,gv5hDK2YQfA_Q135,ما النص الحرفي المذكور في هذه الفقره؟,عاشوا في هذه الفتره،,Easy
gv5hDK2YQfA,تاج محل | الدحيح,gv5hDK2YQfA_Q136,ماذا ورد في هذا الموضع من النص؟,استمرت حوالي 30 سنه،,Medium
gv5hDK2YQfA,تاج محل | الدحيح,gv5hDK2YQfA_Q137,ما الجمله المذكوره في هذا السياق؟,بني مباني كتير جدا مميزه،,Easy
gv5hDK2YQfA,تاج محل | الدحيح,gv5hDK2YQfA_Q138,كيف صيغت العباره هنا؟,مش بس حاجه علي مستوي الرفاهيه،,Medium
gv5hDK2YQfA,تاج محل | الدحيح,gv5hDK2YQfA_Q139,ما الذي قيل في هذا الجزء؟,في عقول وخيال المواطنين،,Easy
gv5hDK2YQfA,تاج محل | الدحيح,gv5hDK2YQfA_Q140,ما النص الحرفي المذكور في هذه الفقره؟,بلد الفن والعلوم والجمال والهندسه.,Medium
gv5hDK2YQfA,تاج محل | الدحيح,gv5hDK2YQfA_Q141,ماذا ورد في هذا الموضع من النص؟,اللي كان مستقر سياسيا وبديع معماريا،,Easy
gv5hDK2YQfA,تاج محل | الدحيح,gv5hDK2YQfA_Q142,ما الجمله المذكوره في هذا السياق؟,تحت الاقامه الجبريه،,Medium
gv5hDK2YQfA,تاج محل | الدحيح,gv5hDK2YQfA_Q143,كيف صيغت العباره هنا؟,"يعمل فيه كدا؟!""",Easy
gv5hDK2YQfA,تاج محل | الدحيح,gv5hDK2YQfA_Q144,ما الذي قيل في هذا الجزء؟,وصل للحكم بنفس الطريقه،,Medium
gv5hDK2YQfA,تاج محل | الدحيح,gv5hDK2YQfA_Q145,ما النص الحرفي المذكور في هذه الفقره؟,لم يكن واضح،,Easy
gv5hDK2YQfA,تاج محل | الدحيح,gv5hDK2YQfA_Q146,ماذا ورد في هذا الموضع من النص؟,الابن الكبير هو اللي بيتوارث الحكم تلقائيا،,Medium
gv5hDK2YQfA,تاج محل | الدحيح,gv5hDK2YQfA_Q147,ما الجمله المذكوره في هذا السياق؟,"علي الضفه اللي قصاد ""تاج محل""،",Easy
gv5hDK2YQfA,تاج محل | الدحيح,gv5hDK2YQfA_Q148,كيف صيغت العباره هنا؟,ان هو يسجن ابوه او يذله، انما يحيده،,Medium
gv5hDK2YQfA,تاج محل | الدحيح,gv5hDK2YQfA_Q149,ما الذي قيل في هذا الجزء؟,"خليك علي جنب.""",Easy
gv5hDK2YQfA,تاج محل | الدحيح,gv5hDK2YQfA_Q150,ما النص الحرفي المذكور في هذه الفقره؟,بدل ما يكون شاهد قبره في النص،,Medium
gv5hDK2YQfA,تاج محل | الدحيح,gv5hDK2YQfA_Q151,ماذا ورد في هذا الموضع من النص؟,اللي هو بتاع مراته، يبقي جنبه،,Easy
gv5hDK2YQfA,تاج محل | الدحيح,gv5hDK2YQfA_Q152,ما الجمله المذكوره في هذا السياق؟,فيها تناظر وسيمتريه زي كل حاجه في المكان،,Medium
gv5hDK2YQfA,تاج محل | الدحيح,gv5hDK2YQfA_Q153,كيف صيغت العباره هنا؟,من اول البوابه لحد اوض الضريح.,Easy
gv5hDK2YQfA,تاج محل | الدحيح,gv5hDK2YQfA_Q154,ما الذي قيل في هذا الجزء؟,ما اتحطوش بسيمتريه؟,Medium
gv5hDK2YQfA,تاج محل | الدحيح,gv5hDK2YQfA_Q155,ما النص الحرفي المذكور في هذه الفقره؟,ان مكان ضريح السلطان,Easy
gv5hDK2YQfA,تاج محل | الدحيح,gv5hDK2YQfA_Q156,ماذا ورد في هذا الموضع من النص؟,راحت في انها تبني حجر،,Medium
gv5hDK2YQfA,تاج محل | الدحيح,gv5hDK2YQfA_Q157,ما الجمله المذكوره في هذا السياق؟,من غير ما يخطط،,Easy
gv5hDK2YQfA,تاج محل | الدحيح,gv5hDK2YQfA_Q158,كيف صيغت العباره هنا؟,بشكل يمكن حزين شويه،,Medium
gv5hDK2YQfA,تاج محل | الدحيح,gv5hDK2YQfA_Q159,ما الذي قيل في هذا الجزء؟,وجود زائر، خارج نظام المكان، اللي هو بناه،,Easy
gv5hDK2YQfA,تاج محل | الدحيح,gv5hDK2YQfA_Q160,ما النص الحرفي المذكور في هذه الفقره؟,"عمر ما ""شاه جهان"" كان هيعترض عليها،",Medium
gv5hDK2YQfA,تاج محل | الدحيح,gv5hDK2YQfA_Q161,ماذا ورد في هذا الموضع من النص؟,كان المستشرقين بيروجوها،,Easy
gv5hDK2YQfA,تاج محل | الدحيح,gv5hDK2YQfA_Q162,ما الجمله المذكوره في هذا السياق؟,"كان عايز يبني لنفسه هو ""تاج محل"" تاني،",Medium
gv5hDK2YQfA,تاج محل | الدحيح,gv5hDK2YQfA_Q163,كيف صيغت العباره هنا؟,علي الضفه التانيه من النهر،,Easy
gv5hDK2YQfA,تاج محل | الدحيح,gv5hDK2YQfA_Q164,ما الذي قيل في هذا الجزء؟,ان الكلام دا لم يكن حقيقي،,Medium
gv5hDK2YQfA,تاج محل | الدحيح,gv5hDK2YQfA_Q165,ما النص الحرفي المذكور في هذه الفقره؟,سعيد بالقرب من حبيبته،,Easy
gv5hDK2YQfA,تاج محل | الدحيح,gv5hDK2YQfA_Q166,ماذا ورد في هذا الموضع من النص؟,مش في قلب المكان ولا في نظامه.,Medium
gv5hDK2YQfA,تاج محل | الدحيح,gv5hDK2YQfA_Q167,ما الجمله المذكوره في هذا السياق؟,هينتهي بعد قرنين، سنه 1857،,Easy
gv5hDK2YQfA,تاج محل | الدحيح,gv5hDK2YQfA_Q168,كيف صيغت العباره هنا؟,ضد الاستعمار الانجليزي،,Medium
gv5hDK2YQfA,تاج محل | الدحيح,gv5hDK2YQfA_Q169,ما الذي قيل في هذا الجزء؟,كان عكس اجداده الاقويا،,Easy
gv5hDK2YQfA,تاج محل | الدحيح,gv5hDK2YQfA_Q170,ما النص الحرفي المذكور في هذه الفقره؟,بيحكم بالاسم بس،,Medium
gv5hDK2YQfA,تاج محل | الدحيح,gv5hDK2YQfA_Q171,ماذا ورد في هذا الموضع من النص؟,تحت سيطره الاستعمار البريطاني!,Easy
gv5hDK2YQfA,تاج محل | الدحيح,gv5hDK2YQfA_Q172,ما الجمله المذكوره في هذا السياق؟,اللي مجدها حاضر في كل المعمار حواليهم،,Medium
gv5hDK2YQfA,تاج محل | الدحيح,gv5hDK2YQfA_Q173,كيف صيغت العباره هنا؟,"رمز لـ""الهند"" القويه القديمه،",Easy
gv5hDK2YQfA,تاج محل | الدحيح,gv5hDK2YQfA_Q174,ما الذي قيل في هذا الجزء؟,وبيتاخد بسلاسل للمحاكمه،,Medium
gv5hDK2YQfA,تاج محل | الدحيح,gv5hDK2YQfA_Q175,ما النص الحرفي المذكور في هذه الفقره؟,بيقول وقتها جملته الشهيره...,Easy
gv5hDK2YQfA,تاج محل | الدحيح,gv5hDK2YQfA_Q176,ماذا ورد في هذا الموضع من النص؟,"بيتم نفي ""بهادر شاه"" الي ""ميانمار""،",Medium
gv5hDK2YQfA,تاج محل | الدحيح,gv5hDK2YQfA_Q177,ما الجمله المذكوره في هذا السياق؟,"سواء في ""الهند"" او في ""بريطانيا""،",Easy
gv5hDK2YQfA,تاج محل | الدحيح,gv5hDK2YQfA_Q178,كيف صيغت العباره هنا؟,كان اول سلطان مغولي يتصور بالكاميرا،,Medium
gv5hDK2YQfA,تاج محل | الدحيح,gv5hDK2YQfA_Q179,ما الذي قيل في هذا الجزء؟,"اخر اباطره المغول المسلمين في ""الهند""،",Easy
gv5hDK2YQfA,تاج محل | الدحيح,gv5hDK2YQfA_Q180,ما النص الحرفي المذكور في هذه الفقره؟,"كان ""تاج محل""،",Medium
gv5hDK2YQfA,تاج محل | الدحيح,gv5hDK2YQfA_Q181,ماذا ورد في هذا الموضع من النص؟,"زي ما تقول كدا، بتعكس حال ""الهند"" نفسها،",Easy
gv5hDK2YQfA,تاج محل | الدحيح,gv5hDK2YQfA_Q182,ما الجمله المذكوره في هذا السياق؟,لدوله حديثه، Modern State.,Medium
gv5hDK2YQfA,تاج محل | الدحيح,gv5hDK2YQfA_Q183,كيف صيغت العباره هنا؟,لاول مره في تاريخه يكون في خطر،,Easy
gv5hDK2YQfA,تاج محل | الدحيح,gv5hDK2YQfA_Q184,ما الذي قيل في هذا الجزء؟,اتبني في ظل وجود امبراطوريه متسامحه دينيا،,Medium
gv5hDK2YQfA,تاج محل | الدحيح,gv5hDK2YQfA_Q185,ما النص الحرفي المذكور في هذه الفقره؟,ضد المعالم والاثار الاسلاميه،,Easy
gv5hDK2YQfA,تاج محل | الدحيح,gv5hDK2YQfA_Q186,ماذا ورد في هذا الموضع من النص؟,"وهذا الاحتلال هو الاحتلال المغولي!""",Medium
gv5hDK2YQfA,تاج محل | الدحيح,gv5hDK2YQfA_Q187,ما الجمله المذكوره في هذا السياق؟,ما بيشوفوش عماره بديعه،,Easy
gv5hDK2YQfA,تاج محل | الدحيح,gv5hDK2YQfA_Q188,كيف صيغت العباره هنا؟,وانه لازم يتمحي!,Medium
gv5hDK2YQfA,تاج محل | الدحيح,gv5hDK2YQfA_Q189,ما الذي قيل في هذا الجزء؟,علي بعض المباني اللي حواليه،,Easy
gv5hDK2YQfA,تاج محل | الدحيح,gv5hDK2YQfA_Q190,ما النص الحرفي المذكور في هذه الفقره؟,الحملات دي رجعت للحياه وبقوه،,Medium
gv5hDK2YQfA,تاج محل | الدحيح,gv5hDK2YQfA_Q191,ماذا ورد في هذا الموضع من النص؟,"ان ""تاج محل"" نفسه اتحط علي هذه القائمه،",Easy
gv5hDK2YQfA,تاج محل | الدحيح,gv5hDK2YQfA_Q192,ما الجمله المذكوره في هذا السياق؟,ان القصه اعمق من كدا،,Medium
gv5hDK2YQfA,تاج محل | الدحيح,gv5hDK2YQfA_Q193,كيف صيغت العباره هنا؟,حاولت تعمل هويه وطنيه متوازنه،,Easy
gv5hDK2YQfA,تاج محل | الدحيح,gv5hDK2YQfA_Q194,ما الذي قيل في هذا الجزء؟,تستعمل الرموز الدينيه والتاريخيه,Medium
gv5hDK2YQfA,تاج محل | الدحيح,gv5hDK2YQfA_Q195,ما النص الحرفي المذكور في هذه الفقره؟,جالها ناس من كل حته،,Easy
gv5hDK2YQfA,تاج محل | الدحيح,gv5hDK2YQfA_Q196,ماذا ورد في هذا الموضع من النص؟,عشان صوت واحد بس اللي يسود!,Medium
gv5hDK2YQfA,تاج محل | الدحيح,gv5hDK2YQfA_Q197,ما الجمله المذكوره في هذا السياق؟,اللي بناها المسلمين والهندوس سوا؟,Easy
gv5hDK2YQfA,تاج محل | الدحيح,gv5hDK2YQfA_Q198,كيف صيغت العباره هنا؟,محتاجه تمسح فصول معينه من تاريخها؟,Medium
gv5hDK2YQfA,تاج محل | الدحيح,gv5hDK2YQfA_Q199,ما الذي قيل في هذا الجزء؟,بيجيله 7 مليون انسان سنويا.,Easy
gv5hDK2YQfA,تاج محل | الدحيح,gv5hDK2YQfA_Q200,ما النص الحرفي المذكور في هذه الفقره؟,اللي حكيتلك عنها،,Medium
gv5hDK2YQfA,تاج محل | الدحيح,gv5hDK2YQfA_Q201,ماذا ورد في هذا الموضع من النص؟,كل سنه يوم 15 اغسطس.,Easy
gv5hDK2YQfA,تاج محل | الدحيح,gv5hDK2YQfA_Q202,ما الجمله المذكوره في هذا السياق؟,"اهم درس بيعلمهولنا ""تاج محل""",Medium
gv5hDK2YQfA,تاج محل | الدحيح,gv5hDK2YQfA_Q203,كيف صيغت العباره هنا؟,يحفظ الحكايه ومعانيها،,Easy
gv5hDK2YQfA,تاج محل | الدحيح,gv5hDK2YQfA_Q204,ما الذي قيل في هذا الجزء؟,تشوف الحلقات الجايه،,Medium
gv5hDK2YQfA,تاج محل | الدحيح,gv5hDK2YQfA_Q205,ما النص الحرفي المذكور في هذه الفقره؟,"ولو احنا علي الـ""يوتيوب""، نشترك علي القناه.",Easy
gv5hDK2YQfA,تاج محل | الدحيح,gv5hDK2YQfA_Q206,ماذا ورد في هذا الموضع من النص؟,- صرح كبير،,Medium
gv5hDK2YQfA,تاج محل | الدحيح,gv5hDK2YQfA_Q207,ما الجمله المذكوره في هذا السياق؟,ويزوره ملايين الناس لما اموت،,Easy
gv5hDK2YQfA,تاج محل | الدحيح,gv5hDK2YQfA_Q208,كيف صيغت العباره هنا؟,"- صرح ايه يا ""امل""؟!",Medium
gv5hDK2YQfA,تاج محل | الدحيح,gv5hDK2YQfA_Q209,ما الذي قيل في هذا الجزء؟,- ايه دا؟!,Easy
gv5hDK2YQfA,تاج محل | الدحيح,gv5hDK2YQfA_Q210,ما النص الحرفي المذكور في هذه الفقره؟,تبني اصرحه واضرحه،,Medium
gv5hDK2YQfA,تاج محل | الدحيح,gv5hDK2YQfA_Q211,ماذا ورد في هذا الموضع من النص؟,- هرم.,Easy
gv5hDK2YQfA,تاج محل | الدحيح,gv5hDK2YQfA_Q212,ما الجمله المذكوره في هذا السياق؟,السلام عليكم ورحمه الله وبركاته،,Medium
gv5hDK2YQfA,تاج محل | الدحيح,gv5hDK2YQfA_Q213,كيف صيغت العباره هنا؟,"من برنامج ""الدحيح""!",Easy
gv5hDK2YQfA,تاج محل | الدحيح,gv5hDK2YQfA_Q214,ما الذي قيل في هذا الجزء؟,تبقي ليله سعيده في حياته،,Medium
gv5hDK2YQfA,تاج محل | الدحيح,gv5hDK2YQfA_Q215,ما النص الحرفي المذكور في هذه الفقره؟,بتتعب وبتتوفي بسبب مضاعفات الولاده.,Easy
gv5hDK2YQfA,تاج محل | الدحيح,gv5hDK2YQfA_Q216,ماذا ورد في هذا الموضع من النص؟,"للدرجادي الست دي كانت كويسه؟!""",Medium
gv5hDK2YQfA,تاج محل | الدحيح,gv5hDK2YQfA_Q217,ما الجمله المذكوره في هذا السياق؟,"غيرلها اسمها الاصلي ""ارجمان مانو""،",Easy
gv5hDK2YQfA,تاج محل | الدحيح,gv5hDK2YQfA_Q218,كيف صيغت العباره هنا؟,من اهم قصص الحب في التاريخ.,Medium
gv5hDK2YQfA,تاج محل | الدحيح,gv5hDK2YQfA_Q219,ما الذي قيل في هذا الجزء؟,"والحاج ""احمد السبكي""،",Easy
gv5hDK2YQfA,تاج محل | الدحيح,gv5hDK2YQfA_Q220,ما النص الحرفي المذكور في هذه الفقره؟,كملت لحد ما جيبنا اول مولود،,Medium
gv5hDK2YQfA,تاج محل | الدحيح,gv5hDK2YQfA_Q221,ماذا ورد في هذا الموضع من النص؟,في تاريخ امبراطوريته،,Easy
gv5hDK2YQfA,تاج محل | الدحيح,gv5hDK2YQfA_Q222,ما الجمله المذكوره في هذا السياق؟,انه من عجايب الدنيا السبعه الحديثه،,Medium
gv5hDK2YQfA,تاج محل | الدحيح,gv5hDK2YQfA_Q223,كيف صيغت العباره هنا؟,اول حاجه محتاجين نسالها هنا,Easy
gv5hDK2YQfA,تاج محل | الدحيح,gv5hDK2YQfA_Q224,ما الذي قيل في هذا الجزء؟,بانه يبنيلها صرح؟,Medium
gv5hDK2YQfA,تاج محل | الدحيح,gv5hDK2YQfA_Q225,ما النص الحرفي المذكور في هذه الفقره؟,محتاجين نرجع لثقافه البلد،,Easy
gv5hDK2YQfA,تاج محل | الدحيح,gv5hDK2YQfA_Q226,ماذا ورد في هذا الموضع من النص؟,ان واحده من اكبر واقوي الدول المسلمه تاريخيا,Medium
gv5hDK2YQfA,تاج محل | الدحيح,gv5hDK2YQfA_Q227,ما الجمله المذكوره في هذا السياق؟,او The Mughals.,Easy
gv5hDK2YQfA,تاج محل | الدحيح,gv5hDK2YQfA_Q228,كيف صيغت العباره هنا؟,"لـ""بنجلاديش"" و""افغانستان""،",Medium
gv5hDK2YQfA,تاج محل | الدحيح,gv5hDK2YQfA_Q229,ما الذي قيل في هذا الجزء؟,وصل لمئات الملايين.,Easy
gv5hDK2YQfA,تاج محل | الدحيح,gv5hDK2YQfA_Q230,ما النص الحرفي المذكور في هذه الفقره؟,كان عنده 13 سنه، كان Teenager،,Medium
gv5hDK2YQfA,تاج محل | الدحيح,gv5hDK2YQfA_Q231,ماذا ورد في هذا الموضع من النص؟,"وسيطرت علي ""الهند"" بالكامل.",Easy
gv5hDK2YQfA,تاج محل | الدحيح,gv5hDK2YQfA_Q232,ما الجمله المذكوره في هذا السياق؟,انت مشكلتك ان انت بتسرح،,Medium
gv5hDK2YQfA,تاج محل | الدحيح,gv5hDK2YQfA_Q233,كيف صيغت العباره هنا؟,علي امبراطوريه مساحتها مهوله،,Easy
gv5hDK2YQfA,تاج محل | الدحيح,gv5hDK2YQfA_Q234,ما الذي قيل في هذا الجزء؟,اغلبيه مش مسلمه اصلا،,Medium
gv5hDK2YQfA,تاج محل | الدحيح,gv5hDK2YQfA_Q235,ما النص الحرفي المذكور في هذه الفقره؟,بين التسامح الديني والعدل،,Easy
gv5hDK2YQfA,تاج محل | الدحيح,gv5hDK2YQfA_Q236,ماذا ورد في هذا الموضع من النص؟,سوف تصبح مفتاح للاستقرار،,Medium
gv5hDK2YQfA,تاج محل | الدحيح,gv5hDK2YQfA_Q237,ما الجمله المذكوره في هذا السياق؟,يقلل الصراعات الداخليه بين هذه الشعوب.,Easy
gv5hDK2YQfA,تاج محل | الدحيح,gv5hDK2YQfA_Q238,كيف صيغت العباره هنا؟,زي ما انا وانت عارفين،,Medium
gv5hDK2YQfA,تاج محل | الدحيح,gv5hDK2YQfA_Q239,ما الذي قيل في هذا الجزء؟,علي شويه رخاء اقتصادي،,Easy
gv5hDK2YQfA,تاج محل | الدحيح,gv5hDK2YQfA_Q240,ما النص الحرفي المذكور في هذه الفقره؟,من علوم وفنون،,Medium
gv5hDK2YQfA,تاج محل | الدحيح,gv5hDK2YQfA_Q241,ماذا ورد في هذا الموضع من النص؟,زي المنمنمات، عملنا عنها حلقه.,Easy
gv5hDK2YQfA,تاج محل | الدحيح,gv5hDK2YQfA_Q242,ما الجمله المذكوره في هذا السياق؟,"ازدهر تحت حكم المغول في ""الهند""",Medium
gv5hDK2YQfA,تاج محل | الدحيح,gv5hDK2YQfA_Q243,كيف صيغت العباره هنا؟,ان بعض مؤرخين العماره الاسلاميه,Easy
gv5hDK2YQfA,تاج محل | الدحيح,gv5hDK2YQfA_Q244,ما الذي قيل في هذا الجزء؟,هي الاجمل علي الاطلاق,Medium
gv5hDK2YQfA,تاج محل | الدحيح,gv5hDK2YQfA_Q245,ما النص الحرفي المذكور في هذه الفقره؟,"في كل مدينه كبيره في ""الهند""،",Easy
gv5hDK2YQfA,تاج محل | الدحيح,gv5hDK2YQfA_Q246,ماذا ورد في هذا الموضع من النص؟,من الحجر الرملي الاحمر،,Medium
gv5hDK2YQfA,تاج محل | الدحيح,gv5hDK2YQfA_Q247,ما الجمله المذكوره في هذا السياق؟,لحوالي 50 الف مصلي، دا استاد!,Easy
gv5hDK2YQfA,تاج محل | الدحيح,gv5hDK2YQfA_Q248,كيف صيغت العباره هنا؟,مع لون الحجر الرملي الاحمر,Medium
gv5hDK2YQfA,تاج محل | الدحيح,gv5hDK2YQfA_Q249,ما الذي قيل في هذا الجزء؟,اللي طولها بيوصل لحوالي 50 متر،,Easy
gv5hDK2YQfA,تاج محل | الدحيح,gv5hDK2YQfA_Q250,ما النص الحرفي المذكور في هذه الفقره؟,والزخرفه اللي موجوده جوا المسجد كوم تاني،,Medium
gv5hDK2YQfA,تاج محل | الدحيح,gv5hDK2YQfA_Q251,ماذا ورد في هذا الموضع من النص؟,ما بين التفاصيل الدقيقه والبساطه،,Easy
gv5hDK2YQfA,تاج محل | الدحيح,gv5hDK2YQfA_Q252,ما الجمله المذكوره في هذا السياق؟,متطعمه بالوان بسيطه،,Medium
gv5hDK2YQfA,تاج محل | الدحيح,gv5hDK2YQfA_Q253,كيف صيغت العباره هنا؟,من غير بهرجه، من غير تكلف،,Easy
gv5hDK2YQfA,تاج محل | الدحيح,gv5hDK2YQfA_Q254,ما الذي قيل في هذا الجزء؟,كانت ساحره من بره ومن جوا،,Medium
gv5hDK2YQfA,تاج محل | الدحيح,gv5hDK2YQfA_Q255,ما النص الحرفي المذكور في هذه الفقره؟,بس من غير ما تخل بوظيفه المكان،,Easy
gv5hDK2YQfA,تاج محل | الدحيح,gv5hDK2YQfA_Q256,ماذا ورد في هذا الموضع من النص؟,عشان نركز في العباده،,Medium
gv5hDK2YQfA,تاج محل | الدحيح,gv5hDK2YQfA_Q257,ما الجمله المذكوره في هذا السياق؟,اختار انه يخلد ذكري حبيبته وزوجته بالعماره.,Easy
gv5hDK2YQfA,تاج محل | الدحيح,gv5hDK2YQfA_Q258,كيف صيغت العباره هنا؟,في الجمال والروعه،,Medium
gv5hDK2YQfA,تاج محل | الدحيح,gv5hDK2YQfA_Q259,ما الذي قيل في هذا الجزء؟,واAsk You ان انت تفتح حوضك،,Easy
gv5hDK2YQfA,تاج محل | الدحيح,gv5hDK2YQfA_Q260,ما النص الحرفي المذكور في هذه الفقره؟,ونرجع لقصه السلطان بعد موت حبيبته.,Medium
gv5hDK2YQfA,تاج محل | الدحيح,gv5hDK2YQfA_Q261,ماذا ورد في هذا الموضع من النص؟,"""احنا، يا جماعه، هنبني مجمع ضخم.",Easy
gv5hDK2YQfA,تاج محل | الدحيح,gv5hDK2YQfA_Q262,ما الجمله المذكوره في هذا السياق؟,ومجموعه خانات،,Medium
gv5hDK2YQfA,تاج محل | الدحيح,gv5hDK2YQfA_Q263,كيف صيغت العباره هنا؟,"اللي هيعدوا علينا.""",Easy
gv5hDK2YQfA,تاج محل | الدحيح,gv5hDK2YQfA_Q264,ما الذي قيل في هذا الجزء؟,كانت غريبه جدا وقتها،,Medium
gv5hDK2YQfA,تاج محل | الدحيح,gv5hDK2YQfA_Q265,ما النص الحرفي المذكور في هذه الفقره؟,"ان السوق والخانات والـ""بازار"" دا",Easy
gv5hDK2YQfA,تاج محل | الدحيح,gv5hDK2YQfA_Q266,ماذا ورد في هذا الموضع من النص؟,جزء من حياه الناس اليوميه.,Medium
gv5hDK2YQfA,تاج محل | الدحيح,gv5hDK2YQfA_Q267,ما الجمله المذكوره في هذا السياق؟,ايه الحب دا؟! يخرب بيته!,Easy
gv5hDK2YQfA,تاج محل | الدحيح,gv5hDK2YQfA_Q268,كيف صيغت العباره هنا؟,ش تقول (بيس كيك)!,Medium
gv5hDK2YQfA,تاج محل | الدحيح,gv5hDK2YQfA_Q269,ما الذي قيل في هذا الجزء؟,"""الاستاذيه"" دي كانت لقب،",Easy
gv5hDK2YQfA,تاج محل | الدحيح,gv5hDK2YQfA_Q270,ما النص الحرفي المذكور في هذه الفقره؟,فكره شعريه عبقريه،,Medium
gv5hDK2YQfA,تاج محل | الدحيح,gv5hDK2YQfA_Q271,ماذا ورد في هذا الموضع من النص؟,"اللي موجود في ""القران""،",Easy
gv5hDK2YQfA,تاج محل | الدحيح,gv5hDK2YQfA_Q272,ما الجمله المذكوره في هذا السياق؟,"علي نهر ""يامونا""،",Medium
gv5hDK2YQfA,تاج محل | الدحيح,gv5hDK2YQfA_Q273,كيف صيغت العباره هنا؟,"اول ما تبص علي ""تاج محل"" هي السيمتريه،",Easy
gv5hDK2YQfA,تاج محل | الدحيح,gv5hDK2YQfA_Q274,ما الذي قيل في هذا الجزء؟,نسخه صغيره من الجنه علي الارض،,Medium
gv5hDK2YQfA,تاج محل | الدحيح,gv5hDK2YQfA_Q275,ما النص الحرفي المذكور في هذه الفقره؟,الموضوع كان له ابعاد صوفيه،,Easy
gv5hDK2YQfA,تاج محل | الدحيح,gv5hDK2YQfA_Q276,ماذا ورد في هذا الموضع من النص؟,رمز لاتحاد السما والارض،,Medium
gv5hDK2YQfA,تاج محل | الدحيح,gv5hDK2YQfA_Q277,ما الجمله المذكوره في هذا السياق؟,في اجزاء المجمع التلاته،,Easy
gv5hDK2YQfA,تاج محل | الدحيح,gv5hDK2YQfA_Q278,كيف صيغت العباره هنا؟,مقابر للعائله المالكه،,Medium
gv5hDK2YQfA,تاج محل | الدحيح,gv5hDK2YQfA_Q279,ما الذي قيل في هذا الجزء؟,اللي فيه ضريح ومسجد وخان للمسافرين.,Easy
gv5hDK2YQfA,تاج محل | الدحيح,gv5hDK2YQfA_Q280,ما النص الحرفي المذكور في هذه الفقره؟,من بوابه المدخل الضخمه،,Medium
gv5hDK2YQfA,تاج محل | الدحيح,gv5hDK2YQfA_Q281,ماذا ورد في هذا الموضع من النص؟,هتلاقي مجري مائي مستقيم،,Easy
gv5hDK2YQfA,تاج محل | الدحيح,gv5hDK2YQfA_Q282,ما الجمله المذكوره في هذا السياق؟,وبين الضريح اللي في الاخر،,Medium
gv5hDK2YQfA,تاج محل | الدحيح,gv5hDK2YQfA_Q283,كيف صيغت العباره هنا؟,"اللي مذكورين في ""القران""،",Easy
gv5hDK2YQfA,تاج محل | الدحيح,gv5hDK2YQfA_Q284,ما الذي قيل في هذا الجزء؟,اشجار وورود وريحان وياسمين ونرجس،,Medium
gv5hDK2YQfA,تاج محل | الدحيح,gv5hDK2YQfA_Q285,ما النص الحرفي المذكور في هذه الفقره؟,في الشعر الفارسي والشعر الصوفي.,Easy
gv5hDK2YQfA,تاج محل | الدحيح,gv5hDK2YQfA_Q286,ماذا ورد في هذا الموضع من النص؟,عملوا حاجه اجمل،,Medium
gv5hDK2YQfA,تاج محل | الدحيح,gv5hDK2YQfA_Q287,ما الجمله المذكوره في هذا السياق؟,زي ما تكون كدا، خريطه روحيه،,Easy
gv5hDK2YQfA,تاج محل | الدحيح,gv5hDK2YQfA_Q288,كيف صيغت العباره هنا؟,يوديك من بوابه الدنيا لقصر الاخره،,Medium
gv5hDK2YQfA,تاج محل | الدحيح,gv5hDK2YQfA_Q289,ما الذي قيل في هذا الجزء؟,تاخدك من وقت للتاني بعيد عنها.,Easy
gv5hDK2YQfA,تاج محل | الدحيح,gv5hDK2YQfA_Q290,ما النص الحرفي المذكور في هذه الفقره؟,هنلاحظ حاجه غريبه جدا،,Medium
gv5hDK2YQfA,تاج محل | الدحيح,gv5hDK2YQfA_Q291,ماذا ورد في هذا الموضع من النص؟,وانت داخل من المدخل،,Easy
gv5hDK2YQfA,تاج محل | الدحيح,gv5hDK2YQfA_Q292,ما الجمله المذكوره في هذا السياق؟,اعلي من اللي حواليه،,Medium
gv5hDK2YQfA,تاج محل | الدحيح,gv5hDK2YQfA_Q293,كيف صيغت العباره هنا؟,ان هو عايم فوق الارض،,Easy
gv5hDK2YQfA,تاج محل | الدحيح,gv5hDK2YQfA_Q294,ما الذي قيل في هذا الجزء؟,حصل فيضان، يفضل محمي.,Medium
gv5hDK2YQfA,تاج محل | الدحيح,gv5hDK2YQfA_Q295,ما النص الحرفي المذكور في هذه الفقره؟,لما اقولك ان القصر ضخم,Easy
gv5hDK2YQfA,تاج محل | الدحيح,gv5hDK2YQfA_Q296,ماذا ورد في هذا الموضع من النص؟,متحاوطه بـ4 ماذن ارتفاعهم 40 متر،,Medium
gv5hDK2YQfA,تاج محل | الدحيح,gv5hDK2YQfA_Q297,ما الجمله المذكوره في هذا السياق؟,دا رخام بييجي من محاجر مخصوصه,Easy
gv5hDK2YQfA,تاج محل | الدحيح,gv5hDK2YQfA_Q298,كيف صيغت العباره هنا؟,معموله بالحجر الرملي الاحمر.,Medium
gv5hDK2YQfA,تاج محل | الدحيح,gv5hDK2YQfA_Q299,ما الذي قيل في هذا الجزء؟,صح! انا شايفها!,Easy
gv5hDK2YQfA,تاج محل | الدحيح,gv5hDK2YQfA_Q300,ما النص الحرفي المذكور في هذه الفقره؟,اهم مبني في العماره الاسلاميه.,Medium
